"company_id","full_name","local_id","new_pin","row_id"
"company_1775695261085","Emma Wilson","28","TES716","132"
"company_1775695261085","Brian Mutsetsa","23","TES590","128"
"company_1775695261085","David Kumar","27","TES255","133"
"company_1775695261085","Carol Chen","26","TES842","134"
"company_1775695261085","Bob Martinez","25","TES622","131"
"company_1775695261085","Alice Johnson","24","TES764","130"
"company_1776712584748","Brian Mutsetsa","23","TES838","141"
"company_1776712584748","Emma Wilson","28","TES664","145"
"company_1776712584748","David Kumar","27","TES285","146"
"company_1776712584748","Carol Chen","26","TES857","147"
"company_1776712584748","Bob Martinez","25","TES694","144"
"company_1776712584748","Alice Johnson","24","TES159","143"
